DistriktsID;Distrikt;GruppeID;Gruppe
6;Hafnia Distrikt;6;Hafnia Distrikt
6;Hafnia Distrikt;1949;Filip Gruppe
6;Hafnia Distrikt;1950;Højdevang Gruppe
6;Hafnia Distrikt;1951;Kastrup Gruppe
6;Hafnia Distrikt;1952;St. Magleby-Dragør Gruppe
6;Hafnia Distrikt;1953;Tårnby Gruppe
6;Hafnia Distrikt;1954;Vestamager Gruppe
6;Hafnia Distrikt;1960;3. Frederiksberg Gruppe
6;Hafnia Distrikt;1961;Slotsgruppen
6;Hafnia Distrikt;1962;Lindevang Gruppe
6;Hafnia Distrikt;1972;BispebjergSpejderne
6;Hafnia Distrikt;1974;Husumvold Gruppe
6;Hafnia Distrikt;1975;Hyltebjerg Gruppe
6;Hafnia Distrikt;1976;Sct. Johannes Gruppe
6;Hafnia Distrikt;1977;St. Stefans Gruppe
6;Hafnia Distrikt;1978;Vigerslev Gruppe
6;Hafnia Distrikt;1985;Borggruppen
6;Hafnia Distrikt;1986;Hans Egede Gruppe
6;Hafnia Distrikt;1987;Lundehus Gruppe
6;Hafnia Distrikt;1988;Rosenvænget Gruppe
6;Hafnia Distrikt;2538;Vesterbrospejderne
6;Hafnia Distrikt;11818;Sydhavnen Spejdergruppe
6;Hafnia Distrikt;12360;KFUM-Spejderne i Luxembourg
7;Ole Rømer Distrikt;7;Ole Rømer Distrikt
7;Ole Rømer Distrikt;1963;Albertslund Gruppe
7;Ole Rømer Distrikt;1964;Strandboerne - Vallensbæk Gruppe
7;Ole Rømer Distrikt;1965;KNUDEN-Brøndby Gruppe
7;Ole Rømer Distrikt;1968;Greve Gruppe
7;Ole Rømer Distrikt;1969;Ishøj Gruppe
7;Ole Rømer Distrikt;1970;Tåstrup Gruppe
7;Ole Rømer Distrikt;1979;Avedøre Gruppe
7;Ole Rømer Distrikt;1980;Hvidovre Gruppe
7;Ole Rømer Distrikt;1981;Vigar Stamme
7;Ole Rømer Distrikt;1982;Hvidovre Syd Gruppe
7;Ole Rømer Distrikt;1983;Islev Gruppe
7;Ole Rømer Distrikt;1984;Rødovre Gruppe
7;Ole Rømer Distrikt;2009;Ballerup Gruppe
7;Ole Rømer Distrikt;2020;Østerhøj-Måløv Gruppe
8;Bornholms Distrikt;8;Bornholms Distrikt
8;Bornholms Distrikt;1955;Klemensker Gruppe
8;Bornholms Distrikt;1956;Nexø Gruppe
9;Ermelunden Distrikt;9;Ermelunden Distrikt
9;Ermelunden Distrikt;1996;Charlottenlund Gruppe
9;Ermelunden Distrikt;1997;Hellerup Gruppe
9;Ermelunden Distrikt;1998;Ordrup-Skovshoved Gruppe
9;Ermelunden Distrikt;1999;Vangede Gruppe
9;Ermelunden Distrikt;2006;2. Bagsværd Gruppe
9;Ermelunden Distrikt;2007;Buddinge Gruppe
9;Ermelunden Distrikt;2008;Søborg Gruppe
9;Ermelunden Distrikt;2010;Herlev Gruppe
9;Ermelunden Distrikt;2011;Klausdal Gruppe
9;Ermelunden Distrikt;2012;1. Bistrup Gruppe
9;Ermelunden Distrikt;2016;1. Lyngby-Lundtofte Gruppe
9;Ermelunden Distrikt;2017;3. Lyngby Gruppe
9;Ermelunden Distrikt;2018;Vedbæk-Nærum Gruppe
9;Ermelunden Distrikt;2019;Virum-Sorgenfri Gruppe
10;Hjorte Distrikt;10;Hjorte Distrikt
10;Hjorte Distrikt;1989;Frederikssund Gruppe
10;Hjorte Distrikt;1990;Halsnæs Gruppe
10;Hjorte Distrikt;1991;Jægerspris Gruppe
10;Hjorte Distrikt;1992;Skævinge Gruppe
10;Hjorte Distrikt;1993;Slangerup Gruppe
10;Hjorte Distrikt;1994;Egedal Gruppe
10;Hjorte Distrikt;2001;Esbønderup Gruppe
10;Hjorte Distrikt;2002;Espergærde Gruppe
10;Hjorte Distrikt;2003;Gilleleje Gruppe
10;Hjorte Distrikt;2004;Græsted Gruppe
10;Hjorte Distrikt;2005;Tikøb Gruppe
10;Hjorte Distrikt;2013;Hillerød Gruppe
10;Hjorte Distrikt;2014;Hørsholm Gruppe
10;Hjorte Distrikt;2015;Allerød-Lynge Gruppe
10;Hjorte Distrikt;2524;Ramløse-Annisse Gruppe
10;Hjorte Distrikt;2548;Blistrup Gruppe (2548)
11;Suså Distrikt;11;Suså Distrikt
11;Suså Distrikt;2021;Buerup Gruppe
11;Suså Distrikt;2022;Dianalund Gruppe
11;Suså Distrikt;2023;Fjenneslev Gruppe
11;Suså Distrikt;2024;Frederiksberg Gruppe
11;Suså Distrikt;2025;Høng Gruppe
11;Suså Distrikt;2026;Munke Bjergby Gruppe
11;Suså Distrikt;2062;Herlufmagle Gruppe
11;Suså Distrikt;2063;Herlufsholm Gruppe
11;Suså Distrikt;2064;Hyllinge Gruppe
11;Suså Distrikt;2066;Karrebæk Gruppe
11;Suså Distrikt;2073;Fensmark Gruppe
11;Suså Distrikt;2076;Fuglebjerg Gruppe
11;Suså Distrikt;2077;Glumsø Gruppe
11;Suså Distrikt;2078;1. Skælskør Gruppe
11;Suså Distrikt;2079;Sct. Michael Gruppe, Slagelse
11;Suså Distrikt;2080;2. Slagelse Gruppe
11;Suså Distrikt;2081;Stillinge Gruppe
11;Suså Distrikt;2082;Sørbymagle Gruppe
11;Suså Distrikt;2084;Tornemark-Sandved Gruppe
12;Lindorm Distrikt;12;Lindorm Distrikt
12;Lindorm Distrikt;2028;Engmose Gruppe
12;Lindorm Distrikt;2030;Idestrup Gruppe
12;Lindorm Distrikt;2031;Nykøbing Falster Gruppe
12;Lindorm Distrikt;2032;Toreby Gruppe
12;Lindorm Distrikt;2034;Nakskov Gruppe
12;Lindorm Distrikt;2035;Ravnsborg Gruppe
12;Lindorm Distrikt;2036;Brandstrup Gruppe
12;Lindorm Distrikt;2037;Knuthenborg Gruppe
12;Lindorm Distrikt;2528;Maribo Gruppe
12;Lindorm Distrikt;2552;Langø Gruppe
13;Sct. Georg Distrikt;13;Sct. Georg Distrikt
13;Sct. Georg Distrikt;2048;Bolund Gruppe
13;Sct. Georg Distrikt;2049;Borup Gruppe
13;Sct. Georg Distrikt;2050;Walburris Gruppe
13;Sct. Georg Distrikt;2051;Jyllinge Gruppe
13;Sct. Georg Distrikt;2052;Karlslunde Gruppe
13;Sct. Georg Distrikt;2053;Lejre Gruppe
13;Sct. Georg Distrikt;2054;Roskilde Gruppe
13;Sct. Georg Distrikt;2055;Svogerslev Gruppe
13;Sct. Georg Distrikt;2056;Tune Gruppe
13;Sct. Georg Distrikt;2057;Vindinge Gruppe
13;Sct. Georg Distrikt;2058;Sct. Jørgen/2. Roskilde Gruppe
13;Sct. Georg Distrikt;2059;Trekroner Gruppe
13;Sct. Georg Distrikt;2060;Skuldelev 2 Gruppe
14;Odsherred Distrikt;14;Odsherred Distrikt
14;Odsherred Distrikt;2038;Eskebjerg Gruppe
14;Odsherred Distrikt;2039;Holbæk Gruppe
14;Odsherred Distrikt;2040;Kr. Eskilstrup Gruppe
14;Odsherred Distrikt;2041;Nr. Asmindrup Gruppe
14;Odsherred Distrikt;2042;Raklev Gruppe
14;Odsherred Distrikt;2043;Svebølle Gruppe
14;Odsherred Distrikt;2044;Tuse Bjerg Gruppe
14;Odsherred Distrikt;2045;Nykøbing-Sjælland Gruppe
15;Valdemar Distrikt;15;Valdemar Distrikt
15;Valdemar Distrikt;2061;Hammer S. Gruppe
15;Valdemar Distrikt;2065;Kalvehave Gruppe
15;Valdemar Distrikt;2067;Vordingborg Gruppe
15;Valdemar Distrikt;2068;Lundby Gruppe
15;Valdemar Distrikt;2070;Præstø Gruppe
15;Valdemar Distrikt;2071;Toksværd Gruppe
15;Valdemar Distrikt;2072;Tybjerg Gruppe
15;Valdemar Distrikt;2074;Tappernøje Gruppe
15;Valdemar Distrikt;2085;Bjergbakke Gruppe
15;Valdemar Distrikt;2086;Ejby Gruppe
15;Valdemar Distrikt;2087;Peder Oxe - Haslev Gruppe
15;Valdemar Distrikt;2088;Peder Syv - Hellested Gruppe
15;Valdemar Distrikt;2089;Højelse gruppe
15;Valdemar Distrikt;2090;Jersie-Solrød Gruppe
15;Valdemar Distrikt;2091;Kongsted Gruppe
15;Valdemar Distrikt;2093;Havdrup Gruppe
15;Valdemar Distrikt;2094;Nordrupøster Gruppe
15;Valdemar Distrikt;2095;Sct. Bendt - Ringsted Gruppe
15;Valdemar Distrikt;2096;Stevns-Nord Gruppe
15;Valdemar Distrikt;2097;Sædder Gruppe
15;Valdemar Distrikt;2098;Sølvbæk Gruppe
15;Valdemar Distrikt;2099;Vallø Gruppe
15;Valdemar Distrikt;2100;Ølsemagle Gruppe
15;Valdemar Distrikt;2101;Rollo Gruppe
15;Valdemar Distrikt;2102;Karl af Rise Gruppe
16;Danehof Distrikt;16;Danehof Distrikt
16;Danehof Distrikt;2104;Højby Gruppe
16;Danehof Distrikt;2105;Langeskov Gruppe
16;Danehof Distrikt;2106;Nr. Lyndelse Gruppe
16;Danehof Distrikt;2108;6. Odense Gruppe
16;Danehof Distrikt;2112;Kertinge Gruppe
16;Danehof Distrikt;2125;Brahetrolleborg gruppe
16;Danehof Distrikt;2126;Broby Gruppe
16;Danehof Distrikt;2127;Gislev Gruppe
16;Danehof Distrikt;2129;Ærøspejderne
16;Danehof Distrikt;2131;Ringe Gruppe
16;Danehof Distrikt;2132;Rise Gruppe
16;Danehof Distrikt;2134;Stenstrup Gruppe
16;Danehof Distrikt;2135;Svendborg Gruppe
16;Danehof Distrikt;2136;Åkilde Gruppe
16;Danehof Distrikt;2137;Ådal-Broby Gruppe
16;Danehof Distrikt;2138;Kongshøj Gruppe
16;Danehof Distrikt;12620;Mindelund Gruppe
17;Nydam Distrikt;17;Nydam Distrikt
17;Nydam Distrikt;2139;Fynshav Gruppe
17;Nydam Distrikt;2140;Hjortspring Gruppe
17;Nydam Distrikt;2141;Kegnæs Gruppe
17;Nydam Distrikt;2142;Høruphav Gruppe
17;Nydam Distrikt;2143;Nordborg Gruppe
17;Nydam Distrikt;2144;Sønderborg Gruppe
17;Nydam Distrikt;2145;Dybbøl Gruppe
17;Nydam Distrikt;2146;Lysabild Gruppe
17;Nydam Distrikt;2164;Felsted Gruppe
17;Nydam Distrikt;2170;Holbøl Gruppe
17;Nydam Distrikt;2171;Rinkenæs Gruppe
17;Nydam Distrikt;2172;Sundeved Gruppe
17;Nydam Distrikt;2173;Urnehoved Gruppe
17;Nydam Distrikt;2175;Kruså-Kollund Gruppe
17;Nydam Distrikt;12637;Ny Nordborg Gruppe
18;Fionia Distrikt;18;Fionia Distrikt
18;Fionia Distrikt;2103;Dalum Gruppe
18;Fionia Distrikt;2107;Sct. Knuds Gruppe
18;Fionia Distrikt;2109;Tornbjerg Gruppe
18;Fionia Distrikt;2110;Bellinge Gruppe
18;Fionia Distrikt;2111;Gråbrødre/Odense Gruppe
18;Fionia Distrikt;2113;Assens Gruppe
18;Fionia Distrikt;2114;Dreslette Gruppe
18;Fionia Distrikt;2115;Middelfart Gruppe
18;Fionia Distrikt;2116;Nr. Højrup Gruppe
18;Fionia Distrikt;2117;Nr. Åby Gruppe
18;Fionia Distrikt;2118;Otterup Gruppe
18;Fionia Distrikt;2119;Søndersø Gruppe
18;Fionia Distrikt;2120;Tommerup Gruppe
18;Fionia Distrikt;2121;Verninge Gruppe
18;Fionia Distrikt;2122;Vissenbjerg Gruppe
18;Fionia Distrikt;2123;Bogense Gruppe
18;Fionia Distrikt;2124;Husby-Tanderup-Gelsted Gruppe
18;Fionia Distrikt;12440;Haarby Gruppe
19;Guldhorn Distrikt;19;Guldhorn Distrikt
19;Guldhorn Distrikt;2152;Abild Gruppe
19;Guldhorn Distrikt;2153;Ballum Gruppe
19;Guldhorn Distrikt;2154;Bedsted Lø Gruppe
19;Guldhorn Distrikt;2155;Brøns Gruppe
19;Guldhorn Distrikt;2157;Løgumkloster Gruppe
19;Guldhorn Distrikt;2158;Nr. Løgum Gruppe
19;Guldhorn Distrikt;2159;Rømø Gruppe
19;Guldhorn Distrikt;2160;Visby Gruppe
19;Guldhorn Distrikt;2161;Øster Højst Gruppe
19;Guldhorn Distrikt;2162;Tønder Gruppe
19;Guldhorn Distrikt;2169;Slogs Herred Gruppe
19;Guldhorn Distrikt;2174;Ravsted Gruppe
20;Hærulf Distrikt;20;Hærulf Distrikt
20;Hærulf Distrikt;2163;Ensted Gruppe
20;Hærulf Distrikt;2165;Hjordkær Gruppe
20;Hærulf Distrikt;2166;Løjt Kirkeby Gruppe
20;Hærulf Distrikt;2167;Rødekro Gruppe
20;Hærulf Distrikt;2168;Aabenraa Gruppe
20;Hærulf Distrikt;2176;Hertug Hans Haderslev
20;Hærulf Distrikt;2177;Immervad Gruppe
20;Hærulf Distrikt;2179;Falke-Starup Gruppe
20;Hærulf Distrikt;2180;Vojens Gruppe
20;Hærulf Distrikt;2181;Ådals-Hoptrup Gruppe
20;Hærulf Distrikt;2182;Gabøl-Nustrup Gruppe
20;Hærulf Distrikt;2206;Fjelstrup Gruppe
21;Kongeå Distrikt;21;Kongeå Distrikt
21;Kongeå Distrikt;2147;Fole Gruppe
21;Kongeå Distrikt;2149;Lintrup Gruppe
21;Kongeå Distrikt;2150;Skodborg Gruppe
21;Kongeå Distrikt;2151;Tiset/Arnum Gruppe
21;Kongeå Distrikt;2216;Brørup Gruppe
21;Kongeå Distrikt;2217;Gørding-Vejrup Gruppe
21;Kongeå Distrikt;2219;Holsted-Glejbjerg Gruppe
21;Kongeå Distrikt;2220;Lindknud Gruppe
21;Kongeå Distrikt;2222;Ribe-Hviding Gruppe
21;Kongeå Distrikt;2224;Vejrup Gruppe
21;Kongeå Distrikt;2226;Føvling Gruppe
21;Kongeå Distrikt;2228;Grimstrup-Årre Gruppe
22;Ho Bugt Distrikt;22;Ho Bugt Distrikt
22;Ho Bugt Distrikt;2208;4. Esbjerg Gruppe
22;Ho Bugt Distrikt;2209;Fanø Gruppe
22;Ho Bugt Distrikt;2210;Bryndum Gruppe
22;Ho Bugt Distrikt;2211;Kvaglund Gruppe
22;Ho Bugt Distrikt;2212;Esbjerg V Gruppe
22;Ho Bugt Distrikt;2213;Fourfeld Gruppe
22;Ho Bugt Distrikt;2214;Guldager Gruppe
22;Ho Bugt Distrikt;2227;Alslev Gruppe
22;Ho Bugt Distrikt;2230;Janderup Gruppe
22;Ho Bugt Distrikt;2231;Oksbøl Gruppe
22;Ho Bugt Distrikt;2232;Outrup Gruppe
22;Ho Bugt Distrikt;2233;Esbjerg Øst Gruppe
22;Ho Bugt Distrikt;2235;Vester Nebel Gruppe
23;Skamling Distrikt;23;Skamling Distrikt
23;Skamling Distrikt;2193;Alminde-Viuf Gruppe
23;Skamling Distrikt;2194;Bramdrup Gruppe
23;Skamling Distrikt;2195;Houens Odde Gruppe
23;Skamling Distrikt;2196;5. Kolding Gruppe
23;Skamling Distrikt;2197;Seest Gruppe
23;Skamling Distrikt;2198;Christiansfeld Gruppe
23;Skamling Distrikt;2199;Vonsild Gruppe
23;Skamling Distrikt;2200;Hjarup Gruppe
23;Skamling Distrikt;2201;Sdr. Bjert Gruppe
23;Skamling Distrikt;2202;Stepping Gruppe
23;Skamling Distrikt;2203;Vamdrup Gruppe
23;Skamling Distrikt;2204;Ødis Gruppe
23;Skamling Distrikt;2205;Sdr. Stenderup Gruppe
23;Skamling Distrikt;2207;Mariesminde Gruppe
23;Skamling Distrikt;11868;Lyshøj Gruppe
24;Hærvejens Distrikt;24;Hærvejens Distrikt
24;Hærvejens Distrikt;2184;Andst Gruppe
24;Hærvejens Distrikt;2185;Bække Gruppe
24;Hærvejens Distrikt;2186;Egtved Gruppe
24;Hærvejens Distrikt;2187;Jordrup Gruppe
24;Hærvejens Distrikt;2188;Randbøl Gruppe
24;Hærvejens Distrikt;2189;Vejen Gruppe
24;Hærvejens Distrikt;2190;Ø. Starup - V. Nebel Gruppe
24;Hærvejens Distrikt;2191;Ødsted Gruppe
24;Hærvejens Distrikt;2192;Læborg Gruppe
24;Hærvejens Distrikt;2218;Hejnsvig Gruppe
24;Hærvejens Distrikt;2223;Vorbasse Gruppe
24;Hærvejens Distrikt;2253;Billund Gruppe
25;Lyngens Distrikt;25;Lyngens Distrikt
25;Lyngens Distrikt;2254;Ejstrupholm Gruppe
25;Lyngens Distrikt;2255;Langelund-Karlskov Gruppe
25;Lyngens Distrikt;2256;Thyregod-Vester Gruppe
25;Lyngens Distrikt;2257;Givskud Gruppe
25;Lyngens Distrikt;2258;Vonge-Kollemorten Gruppe
25;Lyngens Distrikt;2315;Gjellerup Gruppe
25;Lyngens Distrikt;2316;Sct. Johannes Gruppe - Herning
25;Lyngens Distrikt;2317;Sdr. Felding Gruppe
25;Lyngens Distrikt;2318;Snejbjerg Gruppe
25;Lyngens Distrikt;2319;Tjørring Gruppe
25;Lyngens Distrikt;2321;Vildbjerg Gruppe
25;Lyngens Distrikt;2323;Skibbild-Nøvling Gruppe
25;Lyngens Distrikt;2324;Fasterholt Gruppe
25;Lyngens Distrikt;2325;Ikast Gruppe
25;Lyngens Distrikt;2326;Engesvang Gruppe
26;Munkebjerg Distrikt;26;Munkebjerg Distrikt
26;Munkebjerg Distrikt;2237;Brejning Gruppe
26;Munkebjerg Distrikt;2238;Børkop Gruppe
26;Munkebjerg Distrikt;2239;Gårslev Gruppe
26;Munkebjerg Distrikt;2240;Smidstrup Gruppe
26;Munkebjerg Distrikt;2241;Bülow Gruppe
26;Munkebjerg Distrikt;2243;Peder Griib Gruppe - Erritsø
26;Munkebjerg Distrikt;2244;Olaf Rye Gruppe
26;Munkebjerg Distrikt;2245;Skærbæk Gruppe
26;Munkebjerg Distrikt;2246;Taulov Gruppe
26;Munkebjerg Distrikt;2247;Bredballe Gruppe
26;Munkebjerg Distrikt;2249;Højen Gruppe
26;Munkebjerg Distrikt;2250;Vejle Gruppe
27;Lovring Distrikt;27;Lovring Distrikt
27;Lovring Distrikt;2248;Grejs-Lindved Gruppe
27;Lovring Distrikt;2251;Runefolket Gruppe
27;Lovring Distrikt;2271;Flemming Gruppe
27;Lovring Distrikt;2272;Hedensted Gruppe
27;Lovring Distrikt;2273;Løsning Gruppe
27;Lovring Distrikt;2274;Rårup Gruppe
27;Lovring Distrikt;2275;Stouby Gruppe
27;Lovring Distrikt;2276;Tørring Gruppe
27;Lovring Distrikt;2278;Ølsted Gruppe
27;Lovring Distrikt;2279;Øster Snede Gruppe
27;Lovring Distrikt;2280;Glud-Snaptun Gruppe
27;Lovring Distrikt;2281;Brædstrup Gruppe
27;Lovring Distrikt;2282;Egebjerg Gruppe
27;Lovring Distrikt;2283;Hatting Gruppe
27;Lovring Distrikt;2284;Horsens Gruppe
27;Lovring Distrikt;2286;Stensballe Gruppe
27;Lovring Distrikt;2287;Bankager Gruppe
27;Lovring Distrikt;2288;Gedved Gruppe
27;Lovring Distrikt;2289;Lund Gruppe
27;Lovring Distrikt;2369;Ejer Baunehøj Gruppe
27;Lovring Distrikt;2371;Hundslund Gruppe
27;Lovring Distrikt;2373;Odder Gruppe
28;Lundenæs Len Distrikt;28;Lundenæs Len Distrikt
28;Lundenæs Len Distrikt;2229;Horne-Tistrup Gruppe
28;Lundenæs Len Distrikt;2234;Skovlund Gruppe
28;Lundenæs Len Distrikt;2290;Astrup Gruppe
28;Lundenæs Len Distrikt;2292;Hoven Gruppe
28;Lundenæs Len Distrikt;2293;Lem Gruppe
28;Lundenæs Len Distrikt;2294;Ringkøbing Gruppe
28;Lundenæs Len Distrikt;2295;Rækker Mølle Gruppe
28;Lundenæs Len Distrikt;2296;Tarm Gruppe
28;Lundenæs Len Distrikt;2297;Sdr. Vium Gruppe
28;Lundenæs Len Distrikt;2298;Lønborg-Vostup Gruppe
29;Gudenå Distrikt;29;Gudenå Distrikt
29;Gudenå Distrikt;2260;Gjern Gruppe
29;Gudenå Distrikt;2262;Låsby Gruppe
29;Gudenå Distrikt;2263;Thorsø Gruppe
29;Gudenå Distrikt;2264;Them Gruppe
29;Gudenå Distrikt;2265;Silkeborg Gruppe
29;Gudenå Distrikt;2268;Fårvang Gruppe
29;Gudenå Distrikt;2277;Voerladegård Gruppe
29;Gudenå Distrikt;2328;Ans Gruppe
29;Gudenå Distrikt;2348;Hadsten Gruppe
29;Gudenå Distrikt;2349;Hammel Gruppe
29;Gudenå Distrikt;2350;Harlev-Framlev Gruppe
29;Gudenå Distrikt;2352;Herskind Gruppe
29;Gudenå Distrikt;2355;Skovby Gruppe
29;Gudenå Distrikt;2356;SøftenSpejderne
29;Gudenå Distrikt;2358;Stjær Gruppe
29;Gudenå Distrikt;2375;Stilling Gruppe
29;Gudenå Distrikt;2377;Veng Gruppe
30;Marselis Distrikt;30;Marselis Distrikt
30;Marselis Distrikt;2341;Lystrup-Elsted Gruppe
30;Marselis Distrikt;2342;Kaløvig Gruppe
30;Marselis Distrikt;2343;Spørring-Trige Gruppe
30;Marselis Distrikt;2344;Todbjerg-Mejlby Gruppe
30;Marselis Distrikt;2345;2. Århus Gruppe
30;Marselis Distrikt;2346;Skelager Gruppe
30;Marselis Distrikt;2347;Brabrand Gruppe
30;Marselis Distrikt;2354;Skjoldhøj Gruppe
30;Marselis Distrikt;2357;Åbyhøj Gruppe
30;Marselis Distrikt;2368;1. Viby J. Gruppe
30;Marselis Distrikt;2370;Fredens Sogn Gruppe
30;Marselis Distrikt;2372;Mårslet Gruppe
30;Marselis Distrikt;2374;Stautrup Gruppe
31;Djursland Distrikt;31;Djursland Distrikt
31;Djursland Distrikt;2329;Allingåbro Gruppe
31;Djursland Distrikt;2330;Auning Gruppe
31;Djursland Distrikt;2331;Fornæs Gruppe
31;Djursland Distrikt;2332;Rønde Gruppe
31;Djursland Distrikt;2333;Sivested Gruppe
31;Djursland Distrikt;2335;Vivild Gruppe
31;Djursland Distrikt;2336;Ørum Djurs Gruppe
31;Djursland Distrikt;2338;Vejlby-Grenaa Gruppe
31;Djursland Distrikt;2339;Thorsager Gruppe
31;Djursland Distrikt;2340;Ådalen-Djurs Gruppe
32;Midtjyske Distrikt;32;Midtjyske Distrikt
32;Midtjyske Distrikt;2259;Kjellerup Gruppe
32;Midtjyske Distrikt;2261;Levring-Højbjerg Gruppe
32;Midtjyske Distrikt;2266;Ulstrup Gruppe
32;Midtjyske Distrikt;2267;Vinderslev Gruppe
32;Midtjyske Distrikt;2269;Nørreå Spejderne
32;Midtjyske Distrikt;2270;Bjerringbro Gruppe
32;Midtjyske Distrikt;2424;Klejtrup Gruppe
32;Midtjyske Distrikt;2425;Møldrup Gruppe
32;Midtjyske Distrikt;2426;Skals Gruppe
32;Midtjyske Distrikt;2427;Ulbjerg Gruppe
32;Midtjyske Distrikt;2428;Langsø Gruppe
33;Hardsyssel Distrikt;33;Hardsyssel Distrikt
33;Hardsyssel Distrikt;2300;Herrup Gruppe
33;Hardsyssel Distrikt;2301;Borbjerg Gruppe
33;Hardsyssel Distrikt;2302;Hodsager Gruppe
33;Hardsyssel Distrikt;2303;1. Holstebro Gruppe
33;Hardsyssel Distrikt;2304;3. Holstebro Ellebæk Gruppe
33;Hardsyssel Distrikt;2305;Idom-Råsted Gruppe
33;Hardsyssel Distrikt;2306;Mejrup Gruppe
33;Hardsyssel Distrikt;2307;Malte Sehested Gruppe
33;Hardsyssel Distrikt;2308;Sevel Gruppe
33;Hardsyssel Distrikt;2309;Ulfborg Gruppe
33;Hardsyssel Distrikt;2310;Vinderup Gruppe
33;Hardsyssel Distrikt;2311;Vinding Gruppe
33;Hardsyssel Distrikt;2313;Wosborg Gruppe
33;Hardsyssel Distrikt;2376;Fabjerg Gruppe
33;Hardsyssel Distrikt;2378;Tangsø Gruppe
33;Hardsyssel Distrikt;2379;Gudum Gruppe
33;Hardsyssel Distrikt;2380;Langhøj Gruppe
33;Hardsyssel Distrikt;2381;Lemvig Gruppe
33;Hardsyssel Distrikt;2382;Lomborg-Rom Gruppe
33;Hardsyssel Distrikt;2383;Resenborg Gruppe
33;Hardsyssel Distrikt;2384;Fabjerg - Nr. Nissum KFUM-Spejderne
33;Hardsyssel Distrikt;2386;Dybe-Ramme Gruppe
34;Aggersborg Distrikt;34;Aggersborg Distrikt
34;Aggersborg Distrikt;2417;Bonderup Gruppe
34;Aggersborg Distrikt;2418;Brovst Gruppe
34;Aggersborg Distrikt;2419;Fjerritslev Gruppe
34;Aggersborg Distrikt;2420;Kettrup Gruppe
34;Aggersborg Distrikt;2421;Skovsgård Gruppe
34;Aggersborg Distrikt;2422;Tranum Gruppe
34;Aggersborg Distrikt;2423;Øland Gruppe
34;Aggersborg Distrikt;2429;Farsø Gruppe
34;Aggersborg Distrikt;2431;Hvam Gruppe
34;Aggersborg Distrikt;2432;Mejlby Gruppe
34;Aggersborg Distrikt;2433;Fjord-Strandby Gruppe
34;Aggersborg Distrikt;2434;Ullits Gruppe
34;Aggersborg Distrikt;2435;Vegger Gruppe
34;Aggersborg Distrikt;2436;Vesterbølle Gruppe
34;Aggersborg Distrikt;2437;Vestrup Gruppe
34;Aggersborg Distrikt;2438;Aalestrup Gruppe
34;Aggersborg Distrikt;2439;Ravnkilde Gruppe
35;Thy Distrikt;35;Thy Distrikt
35;Thy Distrikt;2387;Bedsted Gruppe
35;Thy Distrikt;2388;Frøstrup Gruppe
35;Thy Distrikt;2389;Hanstholm-Ræhr Gruppe
35;Thy Distrikt;2390;Hunstrup-Østerild Gruppe
35;Thy Distrikt;2391;Hørdum Gruppe
35;Thy Distrikt;2392;Nors Gruppe
35;Thy Distrikt;2394;Skjoldborg-Stagstrup Gruppe
35;Thy Distrikt;2395;Thisted Gruppe
35;Thy Distrikt;2396;Vandet Gruppe
35;Thy Distrikt;2397;Sjørring Gruppe
35;Thy Distrikt;2398;Vestervig Gruppe
35;Thy Distrikt;2399;Boddum/Ydby Gruppe
36;Vestlimfjord Distrikt;36;Vestlimfjord Distrikt
36;Vestlimfjord Distrikt;2400;Bruddal Gruppe
36;Vestlimfjord Distrikt;2403;Fur Gruppe
36;Vestlimfjord Distrikt;2404;Nykøbing Mors Gruppe
36;Vestlimfjord Distrikt;2405;Roslev Gruppe
36;Vestlimfjord Distrikt;2406;Skivehus Gruppe
36;Vestlimfjord Distrikt;2407;Spøttrup Gruppe
36;Vestlimfjord Distrikt;2408;Sydvest Mors Gruppe
36;Vestlimfjord Distrikt;2410;Flyndersø Gruppe
36;Vestlimfjord Distrikt;2411;Balling Gruppe
36;Vestlimfjord Distrikt;2413;Jenle Gruppe
36;Vestlimfjord Distrikt;2415;Hem Gruppe
37;Nordøstjyske Distrikt;37;Nordøstjyske Distrikt
37;Nordøstjyske Distrikt;2359;Dronningborg Gruppe
37;Nordøstjyske Distrikt;2360;Gjerlev Gruppe
37;Nordøstjyske Distrikt;2361;Havndal Gruppe
37;Nordøstjyske Distrikt;2362;Hungstrup Gruppe
37;Nordøstjyske Distrikt;2363;Sct. Clemens Gruppe
37;Nordøstjyske Distrikt;2364;Spentrup Gruppe
37;Nordøstjyske Distrikt;2365;Vorup-Kristrup Gruppe
37;Nordøstjyske Distrikt;2366;Råby Gruppe
37;Nordøstjyske Distrikt;2416;Fyrkat Gruppe
37;Nordøstjyske Distrikt;2457;Bælum-Solbjerg Gruppe
37;Nordøstjyske Distrikt;2458;Gerding-Blenstrup Gruppe
37;Nordøstjyske Distrikt;2459;Lille Vildmose Spejderne
37;Nordøstjyske Distrikt;2460;Mou Gruppe
37;Nordøstjyske Distrikt;2461;1. Hobro/Rosendal Gruppe
37;Nordøstjyske Distrikt;2462;Valsgård Gruppe
38;Østvendsyssel Distrikt;38;Østvendsyssel Distrikt
38;Østvendsyssel Distrikt;2463;Hørby-Dybvad Spejderne
38;Østvendsyssel Distrikt;2464;Hallund Gruppe
38;Østvendsyssel Distrikt;2465;Hørby Gruppe
38;Østvendsyssel Distrikt;2466;Jerslev Gruppe
38;Østvendsyssel Distrikt;2467;Serritslev Gruppe
38;Østvendsyssel Distrikt;2468;Ousen Gruppe
38;Østvendsyssel Distrikt;2469;Østervrå Gruppe
38;Østvendsyssel Distrikt;2470;Thorshøj Gruppe
38;Østvendsyssel Distrikt;2471;Asaa Gruppe
38;Østvendsyssel Distrikt;2472;Ulsted Gruppe
38;Østvendsyssel Distrikt;2486;Frederikshavn Gruppe
38;Østvendsyssel Distrikt;2487;Gærum Gruppe
38;Østvendsyssel Distrikt;2488;Hørmested Gruppe
38;Østvendsyssel Distrikt;2489;Kvissel Gruppe
38;Østvendsyssel Distrikt;2490;Lendum Gruppe
38;Østvendsyssel Distrikt;2493;Mosbjerg Gruppe
38;Østvendsyssel Distrikt;2494;Ravnshøj-Skærum Gruppe
38;Østvendsyssel Distrikt;2495;Skagen gruppe
38;Østvendsyssel Distrikt;12486;Hjallerup Gruppe
38;Østvendsyssel Distrikt;12582;Læsø Gruppe
39;Vest-Vendsyssel Distrikt;39;Vest-Vendsyssel Distrikt
39;Vest-Vendsyssel Distrikt;2440;Bindslev Gruppe
39;Vest-Vendsyssel Distrikt;2441;Bistrup Gruppe
39;Vest-Vendsyssel Distrikt;2442;Bjergby-Mygdal Gruppe
39;Vest-Vendsyssel Distrikt;2443;Hirtshals Gruppe
39;Vest-Vendsyssel Distrikt;2444;Sct. Catharinae - Hjørring Gruppe
39;Vest-Vendsyssel Distrikt;2445;Horne Gruppe
39;Vest-Vendsyssel Distrikt;2447;Højene Gruppe
39;Vest-Vendsyssel Distrikt;2448;Rakkeby Gruppe
39;Vest-Vendsyssel Distrikt;2449;Skallerup-Vennebjerg Gruppe
39;Vest-Vendsyssel Distrikt;2450;Tornby-Vidstrup Gruppe
39;Vest-Vendsyssel Distrikt;2451;Vejby Gruppe
39;Vest-Vendsyssel Distrikt;2453;Vrå Gruppe
39;Vest-Vendsyssel Distrikt;2454;Poulstrup Gruppe
39;Vest-Vendsyssel Distrikt;2455;Saltum Gruppe
39;Vest-Vendsyssel Distrikt;2492;Lørslev Gruppe
40;Aalborg Distrikt;40;Aalborg Distrikt
40;Aalborg Distrikt;2474;Fjellerad Gruppe
40;Aalborg Distrikt;2475;Gjøl Gruppe
40;Aalborg Distrikt;2476;Langholt Gruppe
40;Aalborg Distrikt;2477;Knuden - Aalborg Gruppe
40;Aalborg Distrikt;2478;Lindholm Gruppe
40;Aalborg Distrikt;2479;Sct. Jørgen Gruppe
40;Aalborg Distrikt;2480;Nørresundby Gruppe
40;Aalborg Distrikt;2481;Sulsted-Tylstrup Gruppe
40;Aalborg Distrikt;2482;Aabybro Gruppe
40;Aalborg Distrikt;2483;Svenstrup Gruppe
40;Aalborg Distrikt;2484;Øster Uttrup Gruppe
42;Korpset - direkte medlemmer;42;Korpset - direkte medlemmer
11824;Test Distrikt;11824;Test Distrikt
;World Scout Jamboree 2023 i Sydkorea;12452;World Scout Jamboree 2023 i Sydkorea
1;Korpset;1;KFUM-Spejderne i Danmark
2;Administrationscenter;2;Administrationscenter
4;Eksterne;4;Eksterne
5;Udmeldte;5;Udmeldte
